{"cameraMode":{"drawMode":0,"name":"Shaded","section":"Shading Mode"},"sceneLighting":false,"audioPlay":false,"sceneViewState":{"showFog":true,"showMaterialUpdate":true,"showSkybox":false,"showFlares":true,"showImageEffects":true,"showParticleSystems":true},"in2DMode":false,"pivot":{"x":6.659266471862793,"y":12.709135055541993,"z":-2.690258502960205},"rotation":{"x":-0.0852622240781784,"y":0.32470273971557619,"z":-0.02939729392528534,"w":-0.941521167755127},"size":2.623194456100464,"orthographic":false}