{"cameraMode":{"drawMode":0,"name":"Shaded","section":"Shading Mode"},"sceneLighting":true,"audioPlay":false,"sceneViewState":{"showFog":true,"showMaterialUpdate":true,"showSkybox":true,"showFlares":true,"showImageEffects":true,"showParticleSystems":true},"in2DMode":false,"pivot":{"x":-24.604272842407228,"y":-4.830094337463379,"z":44.230628967285159},"rotation":{"x":-0.0852622240781784,"y":0.32470273971557619,"z":-0.02939729392528534,"w":-0.941521167755127},"size":66.27223205566406,"orthographic":false}